Nome;Tipo
COLEGIO CRISTAO ALIANCADOS;Privada
ATIVA IDADE EDUCACAO INFANTIL E ENSINO FUNDAMENTAL;Privada
CEINF - PARAISO DA CRIANCA E CE FENNIX;Privada
C EST ATEND AO DEF DA AUDIOCOMUNICACAO;Estadual
COLEGIO IMPACTO CENTRO DE ENSINO LTDA - ME;Privada
CEDAE - C ESP NO DESENV E ACOMP ESCOLAR;Privada
CEGRAN - CENTRO DE ENSINO CAMPOGRANDENSE;Privada
CENTRO DE EDUCACAO ESPECIAL GIRASSOL;Privada
COLEGIO TICTAC E INSTITUTO PENRABEL;Privada
COLEGIO PINTE O SETE;Privada
CENTRO DESENV DO POTENCIAL HUMANO RAIO DE LUZ;Privada
ESCOLA CARROSSEL NOVO ESTILO;Privada
CENTRO DE EDUCACAO DE JOVENS E ADULTOS PROFª IGNES DE LAMONICA GUIMARAES - CEEJA-MS;Estadual
COLEGIO MARISTA ALEXANDER FLEMING;Privada
COLEGIO MILITAR DE CAMPO GRANDE;Federal
CEI- JOSE EDUARDO MARTINS JALLAD - ZEDU;Estadual
CEI - MARIA APARECIDA MORAES DAVILA - SANTA CASA;Privada
COLEGIO ADVENTISTA JARDIM DOS ESTADOS;Privada
COLEGIO ADVENTISTA CAMPO-GRANDENSE;Privada
EM ADVOGADO DEMOSTHENES MARTINS;Municipal
EE ARACY EUDOCIAK;Estadual
EE ELVIRA MATHIAS DE OLIVEIRA;Estadual
EE JOAO CARLOS FLORES;Estadual
EE JOSE FERREIRA BARBOSA;Estadual
EE LUISA VIDAL BORGES DANIEL;Estadual
EE MARCAL DE SOUZA TUPA-Y;Estadual
EE PADRE FRANCO DELPIANO;Estadual
EE PROFª ADA TEIXEIRA DOS SANTOS PEREIRA;Estadual
EM PROFESSOR CARLOS HENRIQUE SCHRADER;Municipal
ESCOLA ESTADUAL PROFESSORA FLAVINA MARIA DA SILVA;Estadual
EM PROFESSORA HILDA DE SOUZA FERREIRA;Municipal
EE PROFª JOELINA DE ALMEIDA XAVIER;Estadual
EE PROFª THEREZA NORONHA DE CARVALHO;Estadual
EE PROFª ELIA FRANCA CARDOSO;Estadual
EE PROF HENRIQUE CIRYLLO CORREA;Estadual
EE AMELIO DE CARVALHO BAIS;Estadual
EE ARLINDO DE ANDRADE GOMES;Estadual
EE BLANCHE DOS SANTOS PEREIRA;Estadual
EE DOLOR FERREIRA DE ANDRADE;Estadual
EE DONA CONSUELO MULLER;Estadual
EE DR ARTHUR DE VASCONCELLOS DIAS;Estadual
EE JOSE BARBOSA RODRIGUES;Estadual
EE JOSE MAMEDE DE AQUINO;Estadual
EE JOSE MARIA HUGO RODRIGUES;Estadual
ESCOLA ESTADUAL LINO VILLACHA;Estadual
EE LUCIA MARTINS COELHO;Estadual
EE MAESTRO FREDERICO LIEBERMANN;Estadual
EE MAESTRO HEITOR VILLA LOBOS;Estadual
EE MARIA ELIZA BOCAYUVA CORREA DA COSTA;Estadual
CEEP PE JOAO GREINER;Estadual
EE PADRE MARIO BLANDINO;Estadual
EE PROFª IZAURA HIGA;Estadual
EE PROFª ALICE NUNES ZAMPIERE;Estadual
EE PROFª CELIA MARIA NAGLIS;Estadual
EE PROF EMYGDIO CAMPOS WIDAL;Estadual
EE PROFª MARIA DE LOURDES TOLEDO AREIAS;Estadual
CEEP PROFª MARIA DE LOURDES WIDAL ROMA;Estadual
ESCOLA ESTADUAL PROF SEVERINO DE QUEIROZ;Estadual
ESCOLA ESTADUAL PROF SILVIO OLIVEIRA DOS SANTOS;Estadual
EE PROF ULISSES SERRA;Estadual
EE PROFª BRASILINA FERRAZ MANTERO;Estadual
EE RUI BARBOSA;Estadual
EE SEBASTIAO SANTANA DE OLIVEIRA;Estadual
EE TEOTONIO VILELA;Estadual
EE WALDEMIR BARROS DA SILVA;Estadual
EE CORACAO DE MARIA;Estadual
EE GAL MALAN;Estadual
EE ANTONIO DELFINO PEREIRA E C CULT ED TIA EVA;Estadual
EM NICOLAU FRAGELLI;Municipal
EE ORCIRIO THIAGO DE OLIVEIRA;Estadual
EE PROFª FAUSTA GARCIA BUENO;Estadual
EE SAO FRANCISCO;Estadual
EE SAO JOSE;Estadual
EE 11 DE OUTUBRO;Estadual
EE 26 DE AGOSTO;Estadual
EE ADVENTOR DIVINO DE ALMEIDA;Estadual
EE AMANDO DE OLIVEIRA;Estadual
EE ARLINDO DE SAMPAIO JORGE;Estadual
EE JOAQUIM MURTINHO;Estadual
EE MANOEL BONIFACIO NUNES DA CUNHA;Estadual
EE MARIA CONSTANCA BARROS MACHADO;Estadual
EE OLINDA CONCEICAO TEIXEIRA BACHA;Estadual
EE PADRE JOSE SCAMPINI;Estadual
EE PROFª DELMIRA RAMOS DOS SANTOS;Estadual
EE VESPASIANO MARTINS;Estadual
CEEP HERCULES MAYMONE;Estadual
EM CARLOS VILHALVA CRISTALDO;Municipal
EM CEL ANTONINO;Municipal
EM CEL SEBASTIAO LIMA;Municipal
EM DR TERTULIANO MEIRELLES;Municipal
EM ETALIVIO PEREIRA MARTINS;Municipal
EM IMACULADA CONCEICAO;Municipal
EM JOAO DE PAULA RIBEIRO;Municipal
EM JOAO NEPOMUCENO;Municipal
EM JOSE DORILEO DE PINA;Municipal
EM JOSE RODRIGUES BENFICA;Municipal
EM KAME ADANIA;Municipal
EM PREF MANOEL INACIO DE SOUZA;Municipal
EM PROFª ADAIR DE OLIVEIRA;Municipal
EM PROF ARLINDO LIMA;Municipal
EM PROFª BRIGIDA FERRAZ FOSS;Municipal
EM PROFª DANDA NUNES;Municipal
EM PROFª ELIZABEL MARIA GOMES SALLES;Municipal
EM PROF ERNESTO GARCIA DE ARAUJO;Municipal
EM PROFª EULALIA NETO LESSA;Municipal
EM PROFª LEIRE PIMENTEL DE CARVALHO CORREA;Municipal
EM PROFª MARIA TEREZA RODRIGUES;Municipal
EM PROFª MARINA COUTO FORTES;Municipal
EM PROFª OLIVA ENCISO;Municipal
EM SANTOS DUMONT;Municipal
EM FREDERICO SOARES;Municipal
EM GOV HARRY AMORIM COSTA;Municipal
EM JOAO EVANGELISTA VIEIRA DE ALMEIDA;Municipal
EM PE JOSE DE ANCHIETA;Municipal
EM PADRE HEITOR CASTOLDI;Municipal
EM PROF ALCIDIO PIMENTEL;Municipal
EM PROF LICURGO DE OLIVEIRA BASTOS;Municipal
EM PROFª MARIA LUCIA PASSARELLI;Municipal
EM PROF MUCIO TEIXEIRA JR;Municipal
EM PROF NAGIB RASLAN;Municipal
EM ABEL FREIRE DE ARAGAO;Municipal
EM DARTHESY NOVAES CAMINHA;Municipal
EM DR EDUARDO OLIMPIO MACHADO;Municipal
EM GERALDO CASTELO;Municipal
EM IRMA EDITH COELHO NETTO;Municipal
EM JOSE DO PATROCINIO;Municipal
EM LEOVEGILDO DE MELO;Municipal
EM MAESTRO JOAO CORREA RIBEIRO;Municipal
EM MAJOR AVIADOR Y - JUCA PIRAMA DE ALMEIDA;Municipal
EM ORLANDINA OLIVEIRA LIMA;Municipal
EM PE JOSE VALENTIM;Municipal
EM PROF ANTONIO LOPES LINS;Municipal
EM PROFª GONCALINA FAUSTINA DE OLIVEIRA;Municipal
EM PROF HERCULES MAYMONE;Municipal
EM PROFª LENITA DE SENA NACHIF;Municipal
EM PROF LUIZ CAVALLON;Municipal
EM PROF NELSON DE SOUZA PINHEIRO;Municipal
EM PROF VIRGILIO ALVES DE CAMPOS;Municipal
EM BERNARDO FRANCO BAIS;Municipal
EM DOMINGOS GONCALVES GOMES;Municipal
EM PROF PLINIO MENDES DOS SANTOS;Municipal
EM PROFª IRACEMA DE SOUZA MENDONCA;Municipal
COLEGIO RUI BARBOSA - UNIDADE MULTIPLICANDO;Privada
ESCOLA RAIO DE SOL;Privada
ESCOLA URSINHO PANDA;Privada
COLEGIO ABC DE EIEF;Privada
COLEGIO ALBERTO BETTENCOURT;Privada
ESCOLA IDEAL;Privada
ESCOLA AMARELINHA YELLOW;Privada
ESCOLA CRESCENDO EIEF;Privada
ESCOLA DE EDUCACAO INFANTIL FAZ DE CONTA E ENSINO FUNDAMENTAL NOVA GERACAO;Privada
CENTRO DE ENSINO CAMPO-GRANDENSE - CECAMP;Privada
ESCOLA NAZARE EIEF;Privada
COLEGIO ALMIRANTE TAMANDARE;Privada
O CASULO ESTABELECIMENTO DE ENSINO;Privada
METROPOLITANO INST DE EDUC E CULTURA;Privada
ESCOLA ATUAL EIEF;Privada
ESCOLA TURMA DA MONICA;Privada
ESCOLA VISCONDE DE CAIRU;Privada
COLEGIO SALESIANO DOM BOSCO;Privada
CENTRO DE ENS NOSSA SENHORA AUXILIADORA;Privada
COLEGIO OSWALDO TOGNINI;Privada
MABE MODERNA ASSOCIACAO BRASILEIRA DE ENSINO MEDIO LTDA;Privada
COLEGIO PROF LOURIVAL MARTINS FAGUNDES;Privada
COLEGIO RAUL SANS DE MATOS;Privada
COLEGIO SANTEL;Privada
ESCOLA ESPECIAL RAIO DE SOL;Privada
ESCOLA ESPECIAL COLIBRI;Privada
EE PROFª MARIA RITA DE CASSIA PONTES TEIXEIRA;Estadual
EE PROFª ZELIA QUEVEDO CHAVES;Estadual
EM PROF ALDO DE QUEIROZ;Municipal
EM PROF JOAO CANDIDO DE SOUZA;Municipal
EM ANTONIO JOSE PANIAGO;Municipal
COLEGIO MARIA MONTESSORI;Privada
INST SMG CEGOS FLORIVALDO VARGAS - ISMAC;Privada
NOTA 10 INTERNACIONAL - UNIDADE MAXIMA;Privada
INSTITUTO DE EDUCACAO HARMONIA;Privada
ESCOLA INOVACAO;Privada
COLEGIO STATUS - UNIDADE 1;Privada
ASSOCIACAO FILANTROPICA ACACIA MORENA;Privada
EM ISAURO BENTO NOGUEIRA;Municipal
EM AGRICOLA BARAO DO RIO BRANCO;Municipal
EMEI MENINO JESUS DE PRAGA;Municipal
EM OITO DE DEZEMBRO;Municipal
INSTITUTO DE EDUC HARMONIA UNIDADE II;Privada
ASSOCIACAO ESCOLA CLINICA SANTA TEREZINHA;Privada
ESCOLA DE DESENVOLVIMENTO ESPECIAL JULIANO FERNANDES VARELA;Privada
ASEADEM- ASSOCIACAO ESPECIAL DE ATENDIMENTO AO DEFICIENTE MENTAL;Privada
AMA - ASSOCIACAO DE PAIS E AMIGOS DO AUTISTA;Privada
EE JOSE ANTONIO PEREIRA;Estadual
EE PROFª NEYDER SUELLY COSTA VIEIRA;Estadual
EMEI NOSSA SENHORA DE FATIMA;Municipal
EMEI NOSSA SENHORA AUXILIADORA;Municipal
EMEI PROFª LINA LEMES DE OLIVEIRA;Municipal
EMEI SANTA EDWIRGES;Municipal
EMEI CRISTO E VIDA;Municipal
EMEI SAO JOSE;Municipal
EMEI TRIANGULO AZUL;Municipal
ASSOCIACAO CAMILLE FLAMMARION;Privada
EM PROFª FLORA GUIMARAES ROSA PIRES;Municipal
EM PROF LUIS ANTONIO DE SA CARVALHO;Municipal
EM VALDETE ROSA DA SILVA;Municipal
EM PROF WILSON TAVEIRA ROSALINO;Municipal
EMEI PROFª GEORGIA DE FATIMA NOGUEIRA BORGES;Municipal
EMEI LAR DE SHEILA;Municipal
EMEI DOM ANTONIO BARBOSA;Municipal
ASSOCIACAO EVANGELICA DE PROTECAO A CRIANCAS;Privada
EMEI SAO FRANCISCO DE ASSIS;Municipal
CEI - JOAO PAULO II;Privada
EMEI PEDACINHO DO CEU;Municipal
EMEI JOSE MORESCHI;Municipal
EMEI SANTA BARBARA;Municipal
EMEI SANTA TEREZINHA;Municipal
EM IRMA IRMA ZORZI;Municipal
EMEI PROFª CIRENE RODRIGUES LIMA;Municipal
EMEI LAURA DE VICUNA;Municipal
EMEI CORDEIRINHO DE JESUS;Municipal
CEI - PEQUENO PRINCIPE;Privada
EMEI BEM TE VI;Municipal
CEI - FLAMINGOS;Privada
EMEI ELEODES ESTEVAN;Municipal
EMEI ANTONIO MARIO GONCALVES;Municipal
EMEI O BOM PASTOR;Municipal
SOCIEDADE ASSISTENCIAL MEIMEI CASA DA CRIANCA MEIMEI;Privada
ESPACO LIVRE;Privada
COLEGIO LICEU;Privada
COLEGIO NOVA DIMENSAO UNIDADE I;Privada
CENTRO EDUCACIONAL ALCEU VIANA;Privada
EM AGRICOLA GOV ARNALDO ESTEVAO DE FIGUEIREDO;Municipal
EM RAFAELA ABRAO;Municipal
EM PROF VANDERLEI ROSA DE OLIVEIRA;Municipal
EM NAZIRA ANACHE;Municipal
EM PE TOMAZ GHIRARDELLI;Municipal
EM PROFª ONEIDA RAMOS;Municipal
EM ELPIDIO REIS;Municipal
EM DES CARLOS GARCIA DE QUEIROZ;Municipal
COLEGIO SUCESSO;Privada
ESCOLA TECNICA DO SUS PROFª ENA DE ARAUJO GALVAO;Estadual
EM SULIVAN SILVESTRE OLIVEIRA - TUMUNE KALIVONO - CRIANCA DO FUTURO;Municipal
EM PROFª IONE CATARINA GIANOTTI IGYDIO;Municipal
EM PROF FAUZE SCAFF GATTASS FILHO;Municipal
EMEI PROFª SELMA APARECIDA FERREIRA LEAL TOMM;Municipal
EMEI IRMA JUDITH BANDERA;Municipal
EMEI SERRADINHO;Municipal
EMEI PAULINO ROMEIRO PARE;Municipal
EMEI ALOINA DE OLIVEIRA SOARES;Municipal
EMEI FLORIA BRITEZ DE EUGENIO;Municipal
EMEI MARIA DE LOURDES VIEIRA CASTOLDI;Municipal
EMEI OLINDA TOSHIMI NISHIO NASSU;Municipal
EMEI LUCIA ANGELA DE CASTRO COSTA;Municipal
EMEI JASMIM IBRAHIM BACHA;Municipal
EMEI LUIZ CARLOS SOBRAL PETTENGILL;Municipal
EMEI ANTONIO RUSTIANO FERNANDES;Municipal
EMEI IVONE CALARGE ZAHRAN;Municipal
EMEI LAGEADO;Municipal
EMEI VERA ALBA CONGRO BASTOS;Municipal
EMEI FATIMA DE JESUS DINIZ SILVEIRA;Municipal
EMEI CLEOMAR BAPTISTA DOS SANTOS;Municipal
EMEI PAULO SIUFI;Municipal
EMEI IPIRANGA;Municipal
EMEI MARIA EDWIGES DE ALBUQUERQUE BORGES;Municipal
CENTRO DE EDUCACAO INFANTIL GIRASSOL;Privada
EMEI ATHENAS SA CARVALHO;Municipal
EMEI NEIDA GORDIN FREIRE;Municipal
EMEI JOAO GARCIA DE CARVALHO FILHO;Municipal
EMEI PROF OSVALDO MACIEL DE OLIVEIRA;Municipal
EMEI PIRATININGA;Municipal
EMEI MARIA CRISTINA OCARIZ DE BARROS;Municipal
EMEI PROFª MARIOLINA PEREIRA MENDES;Municipal
EMEI MICHEL SCAFF;Municipal
EMEI MARY SADALLA SAAD;Municipal
EMEI PROFª MARIA JOSEFINA BEZERRA XAVIER;Municipal
EMEI MARCOS ROBERTO;Municipal
EMEI PROFª MARIA ILDONEI DE LIMA PEDRA;Municipal
EMEI IBER GOMES DE SA;Municipal
EMEI ALBA LUCIA SPENGLER DOS SANTOS PEREIRA;Municipal
EMEI CLAUDIO MARCOS MANCINI;Municipal
EMEI CAMPO VERDE;Municipal
EMEI CLEBE BRAZIL FERREIRA;Municipal
EMEI PROFª THEREZINHA MANDETTA TRAD;Municipal
EMEI ODETE TRINDADE BENITES;Municipal
EMEI VO FINA;Municipal
EMEI ZACARIAS VIEIRA DE ANDRADE;Municipal
CORI-CENTRO DE EDUCACAO INFANTIL E ENSINO FUNDAMENTAL;Privada
SOLETRANDO ESCOLA DE ED INFANTIL E ENSINO FUNDAMENTAL;Privada
CENTRO EDUCACIONAL CONSTRUINDO O SABER;Privada
ESCOLA DO SESI CAMPO GRANDE;Privada
COLEGIO SAO FRANCISCO EIEFM;Privada
CRECHE IRMA IRMA ZORZI;Estadual
ESCOLA CRIATIBRINCANDO DE EIEF LTDA;Privada
LAR NOSSA SENHORA APARECIDA;Privada
NOTA 10 - UNIDADE FELIZ IDADE;Privada
EM NAGEN JORGE SAAD;Municipal
EMEI PROFª MARLY SANT ANNA PINHEIRO;Municipal
ESCOLA MUNDO MAGICO E INSTITUTO MACHADO DE ASSIS;Privada
ESCOLA DESPERTAR DE ENSINO FUNDAMENTAL;Privada
CENTRO EDUCACIONAL PAULO DE TARSO;Privada
CENTRO EDUCACIONAL SUPERACAO;Privada
INSTITUTO JOAO BATISTA DE ENSINO;Privada
EEIEF PARADIGMA;Privada
OBRAS SOCIAIS E COMUNITARIA DO AERO RANCHO;Privada
EM DR PLINIO BARBOSA MARTINS;Municipal
EM CONSULESA MARGARIDA MAKSOUD TRAD;Municipal
EMEI MARCO ANTONIO SANTULLO;Municipal
ESCOLA CARROSSEL EDUCAMP;Privada
CENTRO DE EDUCACAO INFANTIL VO INEZ;Privada
SOCIEDADE EUNICE WEAVER DE CAMPO GRANDE;Privada
COLEGIO HARMONIA - UNIDADE I;Privada
COLEGIO NOVO SECULO;Privada
ASSOC ESP DE APOIO A CRIANCA E AO ADOLESCENTE;Privada
EMEI PROFESSORA ELENIR ZANQUETA MOLINA;Municipal
SESC ADMINISTRACAO REGIONAL NO ESTADO DO MATO GROSSO DO SUL;Privada
COLEGIO VIP;Privada
EM ELIZIO RAMIREZ VIEIRA;Municipal
EM IRENE SZUKALA;Municipal
ASSOCIACAO CLUBE DE MAES CANTINHO DA AMIZADE;Privada
COLEGIO RUI BARBOSA;Privada
CENTRO DE EDUCACAO PROFISSIONAL - SENAC CAMPO GRANDE;Privada
COLEGIO GERACAO RESULTADOS;Privada
FACULDADE DE TECNOLOGIA SENAI CAMPO GRANDE;Privada
COLEGIO LICEU - UNID II;Privada
CENTRO DE EDUCACAO INTEGRADA EIRELI;Privada
ESCOLA INTEGRADA HORIZONTE;Privada
ESCOLA DE EDUCACAO INFANTIL SOSSEGO DA MAMAE;Privada
EE PROFª CLARINDA MENDES DE AQUINO;Estadual
COLEGIO NOVA DIMENSAO SS LTDA;Privada
EMEI PASCOALA VERA RIOS;Municipal
EMEI JOANA MENDES DOS SANTOS;Municipal
EMEI JARDIM CARIOCA;Municipal
EMEI ENGENHEIRO VALDEMIR CORREA DE RESENDE;Municipal
EM PROFª ARLENE MARQUES ALMEIDA;Municipal
CENTRO DE ENSINO IMPACTO SS LTDA - ME;Privada
COLEGIO CBA ABC;Privada
EE POLO PROFª REGINA LUCIA ANFFE NUNES BETINE;Estadual
EMEI PROF VALDOMIRO ALVES GONCALVES;Municipal
EMEI CLOTILDE CHAIA;Municipal
EMEI TIA EVA;Municipal
COLEGIO VIDA FELIZ;Privada
COLEGIO VIDA E LUZ;Privada
EE POLO FRANCISCO CANDIDO DE REZENDE;Estadual
ESCOLA BATISTA ERILASIO NOGUEIRA;Privada
NOTA 10 - UNIDADE GARCAS;Privada
EMEI JOSE RAMAO CANTERO;Municipal
EMEI SONIA HELENA BALDO BERNARDO DOS SANTOS;Municipal
EMEI PROF LAURA RODRIGUES DE OLIVEIRA;Municipal
CENTRO DE EDUCACAO PROFISSIONAL EZEQUIEL FERREIRA LIMA;Estadual
ESCOLA SALESIANA SAO DOMINGOS SAVIO;Privada
COLEGIO DE ENSINO MEDIO NOVA GERACAO;Privada
CEC-COLEGIO EVANGELICO CAMPO-GRANDENSE;Privada
COLEGIO BIONATUS;Privada
LAR CRECHE NOSSA SENHORA DO PERPETUO SOCORRO;Privada
EMEI MARTA GUARANI;Municipal
ESCOLA DESPERTAR;Privada
ESCOLA BETANIA;Privada
EM PROFESSOR JOSE DE SOUZA;Municipal
EM PROFESSOR ARASSUAY GOMES DE CASTRO;Municipal
EM NERONE MAIOLINO;Municipal
COLEGIO CLASSE A;Privada
CENTRO DE CAPACITACAO DE PROFISSIONAIS DA EDUCACAO E DE ATENDIMENTO AS PESSOAS COM SURDEZ - CAS;Estadual
CENTRO ESTADUAL DE EDUCACAO ESPECIAL E INCLUSIVA;Estadual
EM CELINA MARTINS JALLAD;Municipal
CEIAN- ANANDAMOYI;Privada
EMEI MICHELI REGINA LOCATELLI;Municipal
NOTA 10 INTERNACIONAL - UNIDADE GENERAL OSORIO;Privada
EMEI MARIA DULCE PRATA CANCADO;Municipal
EMEI FELIPE SAFADI ALVES NOGUEIRA;Municipal
COLEGIO BIONATUS II;Privada
ESCOLA DE EDUCACAO INFANTIL E ENSINO FUNDAMENTAL MIL CONTOS;Privada
CAEE - CENTRO DE ATENDIMENTO EDUCACIONAL ESPECIALIZADO DA ASSOCIACAO PESTALOZZI DE CAMPO GRANDE MS;Privada
CAEE - GIRASSOL;Privada
EMEI NILDA DE ALMEIDA COELHO;Municipal
EMEI VARANDAS DO CAMPO;Municipal
EMEI JOSE CARLOS DE LIMA;Municipal
EMEI GEORGINA RAMIRES DA SILVA;Municipal
EMEI SANTA EMILIA;Municipal
ASSOCIACAO TAGARELA;Privada
EMEI JURACY GALVAO OLIVEIRA;Municipal
ESCOLA ATITUDE;Privada
ESCOLA ATIVA;Privada
CENTRO DE APOIO PEDAGOGICO AO DEFICIENTE VISUAL - CAP-DV-MS;Estadual
ESCOLA MON PETIT;Privada
COLEGIO CLASSE A UNIDADE II;Privada
CEAMETEA-CENTRO ESTADUAL DE APOIO MULTIDISCIPLINAR EDUCACIONAL;Estadual
ESCOLA PLANETA- UNIDADE CENTRO;Privada
CENTRO ESTADUAL DE ATENDIMENTO MULTIDISCIPLINAR PARA ALTAS HABILIDADES SUPERDOTACAO-CEAMAHS;Estadual
ESCOLA PRIMEIRA INFANCIA;Privada
COLEGIO BIONATUS-ENSINO FUNDAMENTAL;Privada
CENTEC CURSOS TECNICOS LTDA-ME;Privada
CEMAR - CENTRO EDUCACIONAL MARECHAL RONDON;Privada
ESCOLA MON PETIT KIDS - AJEL EDUCACIONAL - EPP;Privada
COLEGIO REFFERENCIAL;Privada
REDE DE ENSINO TECNICO CETEPS;Privada
MAPLE BEAR;Privada
LE IRDAK;Privada
CENTRO EDUCACIONAL JEAN PIAGET;Privada
INSTITUTO DE EDUCACAO COOPERAR LTDA;Privada
EMEI PROF ELOY SOUZA DA COSTA;Municipal
CENTRO DE ATENDIMENTO EDUCACIONAL ESPECIALIZADO O CASULO;Privada
ESCOLA SENAI DA CONSTRUCAO;Privada
EM PROFESSORA MARIA REGINA DE VASCONCELOS GALVAO;Municipal
ESCOLA CONQUISTA DE EDUCACAO INFANTIL E ENSINO FUNDAMENTAL EIRELE-ME;Privada
ESCOLA AFETIVA;Privada
COLEGIO MASTER LTDA;Privada
ESCOLA DE EDUCACAO FUNDAMENTAL ALFA LTDA -ME;Privada
ESCOLA DE EDUCACAO FUNDAMENTAL BETA LTDA -ME;Privada
BERCARIO PAULO FREIRE;Privada
EMEI PROF ELZA FRANCISCA DE SOUZA MACIEL;Municipal
CENTRO DE EDUCACAO PROFISSIONAL-SENAC TURISMO E GASTRONOMIA;Privada
ESCOLA ABC JUNIOR;Privada
EMEI PROFESSORA EMY ISHIDA NASCIMENTO NOGUEIRA;Municipal
CASA DE MARIA;Privada
COLEGIO ALMIRANTE TAMANDARE - CCAT BABY;Privada
CENTRO DE ESTUDOS ASES DA EDUCACAO LTDA;Privada
COLEGIO MON GEANT ENSINO FUNDAMENTAL I E II LTDA;Privada
GEMS - CENTRO EDUCACIONAL MS LTDA - EDC - ESCOLA DE CURSOS;Privada
CENTRO DE EXCELENCIA EM BOVINOCULTURA DE CORTE;Privada
CENTRO ESTADUAL DE FORMACAO DE PROFESSORES INDIGENAS DE MS;Estadual
ESCOLA ESTADUAL PROFESSOR ALBERTO ELPIDIO FERREIRA DIAS - PROFESSOR TITO;Estadual
EMEI PROFESSOR ALBERTO GUILHERME BATISTOTI;Municipal
EMEI ZARIFE MARTINS FRANCA;Municipal
COLEGIO PRIMAVERA;Privada
COLEGIO REINO CRESCER;Privada
COLEGIO HARMONIA - UNIDADE II;Privada
INSTITUTO VIEIRA DE EDUCACAO LTDA;Privada
ESCOLA TOM DA VIDA EIRELLI;Privada
GRUPO EDUCACIONAL ATOS;Privada
COLEGIO NOSSA SENHORA DAS GRACAS;Privada
ESCOLA PARTICULAR SONHO MEU;Privada
COLEGIO MAESTRIA - ENEM E VESTIBULARES;Privada
COLEGIO CONSTRUINDO O FUTURO;Privada
COLEGIO SIGMA BERCARIO E EDUCACAO INFANTIL LTDA;Privada
CENTRO EDUCACIONAL ARTE DE ENSINAR;Privada
EMEI PROFª LUZINETE CEZAR GONCALVES;Municipal
EMEI PROFª IRACEMA DA CUNHA BARRETO;Municipal
EM PROFª AGLAIR MARIA ALVES;Municipal
COLEGIO ADVENTISTA VILAS BOAS;Privada
COLEGIO DE EDUCACAO INFANTIL MONTEIRO LOBATO LTDA;Privada
CRECHE NOSSA SENHORA AUXILIADORA - UNIDADE II;Privada
ESCOLA ESPECIAL O CASULO;Privada
COLEGIO FENNIX BABY;Privada
COLEGIO STATUS - UNIDADE 3;Privada
ESCOLA ESPLENDOR DO SABER;Privada
INSTY COLEGIO E CURSOS;Privada
ASSOCIACAO SUL MATO GROSSENSE DE AMPARO A CRIANCA E AO ADOLESCENTE-ASSOMAT;Privada
NINHO JARDIM DE INFANCIA;Privada
COLEGIO EVORA;Privada
COLEGIO STATUS - UNIDADE II;Privada
ESCOLA INTEGRADA HORIZONTE - CAEEH;Privada
CEI - CLAUDETE DE OLIVEIRA DA VERA CRUZ;Privada
ESCOLA MATER CARMELI;Privada
ESCOLA PROFª NAZARETH MENDES SILVA - EP NMS;Privada
CENTRO DE ATENDIMENTO EDUCACIONAL ESPECIALIZADO MARCELO TAKAHASHI;Privada
ESCOLA SOMAE;Privada
CENTRO EDUCACIONAL MANOEL DE BARROS;Privada
ESCOLA MUNDO MAGICO UNIDADE II;Privada
ESCOLA IMAGINAR UNIDADE I;Privada
ESCOLA IMAGINAR UNIDADE II;Privada
ESCOLA IMAGINAR UNIDADE III;Privada
ESCOLA DE EDUCACAO INFANTIL E ENSINO FUNDAMENTAL NOVO FUTURO LTDA;Privada
EMEI PROFª DULCE COUTRIM DE FREITAS;Municipal
DESAFIO CENTRO EDUCACIONAL;Privada
COLEGIO STATUS - UNIDADE JARDIM DOS ESTADOS;Privada
GAPPE ESCOLA DE EDUCACAO INFANTIL E ENSINO FUNDAMENTAL LTDA;Privada
MAPLE BEAR - UNIDADE II;Privada
ESCOLA COLO DE MAE;Privada
INSTITUTO DE EDUCACAO BOA NOVA;Privada
GRAU TECNICO - CAMPO GRANDE CENTRO;Privada
ESCOLA AMARELINHA YELLOW - UNIDADE II;Privada
COLEGIO FUTURO LTDA;Privada
ESCOLA AGUAPE;Privada
ESCOLA CHEIRO DE ALECRIM;Privada
EDUCANDARIO ESPIRITA BLAISE PASCAL;Privada
ESCOLA ESPIRITA ANALIA FRANCO;Privada
CRECHE NOSSA SENHORA AUXILIADORA - UNIDADE I;Privada
EMEI RAMZA BEDOGLIN DOMINGOS;Municipal
EMEI MARIA OLIVEIRA LIMA;Municipal
EMEI PROFª AYD CAMARGO CESAR;Municipal
EMEI LAFAYETE CAMARA DE OLIVEIRA;Municipal
EMEI MARIA CARLOTA TIBAU DE VASCONCELOS;Municipal
ESCOLA CRISTA ESTACAO CRIANCA;Privada
COLEGIO DE ENSINO FUNDAMENTAL NOVA GERACAO;Privada
EMEI REGINA VITORAZZI SEBBEN;Municipal
EMEI PROF EDISON DA SILVA;Municipal
EMEI SANDRA MARA GOBBO;Municipal
EM PROFESSORA ANA LUCIA DE OLIVEIRA BATISTA;Municipal
EM PROFESSORA IRACEMA MARIA VICENTE;Municipal
EMEI CARLOS NEI DA SILVA;Municipal
NOVAESCOLA;Privada
CENTRO DE EDUCACAO INFANTIL RISCOS E RABISCOS;Privada
ESCOLA PADRAO LTDA;Privada
ESCOLA CRIATIVIDADE;Privada
EM JOSE MAURO MESSIAS DA SILVA - POETA DAS MORENINHAS;Municipal
EM SENADOR RACHID SALDANHA DERZI;Municipal
EM OSVALDO CRUZ;Municipal
EMEI CONSTANCA CORREA DE ALMEIDA SERRA;Municipal
EMEI PROFª ADELIA LEITE KRAWIEC;Municipal
EMEI PROFª ADRIANA NOGUEIRA BORGES;Municipal
IFMS - CAMPUS CAMPO GRANDE;Federal
